path,run_family,run_name,method,label_ratio,seed,tau,active_strategy,accuracy,macro_f1,validation_accuracy,pseudo_coverage,pseudo_accuracy,runtime_seconds
outputs\active\seed0\entropy\round1_0.020,active,round1_0.020,fixmatch,0.02,0,0.95,entropy,0.8839,0.8851988776841665,0.8833333333333333,0.8464270833333334,0.9323996701822612,1234.1760454000032
outputs\active\seed0\entropy\round2_0.030,active,round2_0.030,fixmatch,0.03,0,0.95,entropy,0.8976,0.8982136796721047,0.9333333333333333,0.8691875,0.9406653723544498,1305.9117898999975
outputs\active\seed0\random\round1_0.020,active,round1_0.020,fixmatch,0.02,0,0.95,random,0.8778,0.8762787281328924,0.8833333333333333,0.8704270833333333,0.9273704240016275,1097.9497465000022
outputs\active\seed0\random\round2_0.030,active,round2_0.030,fixmatch,0.03,0,0.95,random,0.8938,0.8929744560985367,0.9,0.883375,0.9393424838451017,1191.4126562999882
outputs\active\seed0\shared\round0_001pct,active,round0_001pct,fixmatch,0.01,0,0.95,none,0.8585,0.8568614736046032,0.85,0.85325,0.9124304131262818,752.2686489000043
outputs\active\seed0\uncertainty_diversity\round1_0.020,active,round1_0.020,fixmatch,0.02,0,0.95,uncertainty_diversity,0.8954,0.8959773220920217,0.8833333333333333,0.8638958333333333,0.9310415511129332,1323.1164393999934
outputs\active\seed0\uncertainty_diversity\round2_0.030,active,round2_0.030,fixmatch,0.03,0,0.95,uncertainty_diversity,0.9053,0.9063128040753006,0.95,0.8756145833333333,0.9463472085083097,1342.2757071000087
outputs\active\seed1\entropy\round1_0.020,active,round1_0.020,fixmatch,0.02,1,0.95,entropy,0.8835,0.8840080015836402,0.9,0.8580416666666667,0.9284708396056912,2986.4248973000067
outputs\active\seed1\entropy\round2_0.030,active,round2_0.030,fixmatch,0.03,1,0.95,entropy,0.8947,0.8953811835953779,0.9166666666666666,0.8652395833333333,0.9408039680724269,418.83619469999996
outputs\active\seed1\random\round1_0.020,active,round1_0.020,fixmatch,0.02,1,0.95,random,0.8886,0.888268667726401,0.9166666666666666,0.8822395833333333,0.9329476356337446,1199.4432472999906
outputs\active\seed1\random\round2_0.030,active,round2_0.030,fixmatch,0.03,1,0.95,random,0.9011,0.9013869544182331,0.9166666666666666,0.88509375,0.9438148030458167,1699.745639300003
outputs\active\seed1\shared\round0_001pct,active,round0_001pct,fixmatch,0.01,1,0.95,none,0.8594,0.8580960811124674,0.8833333333333333,0.86421875,0.9116253841981559,1295.1567393000005
outputs\active\seed1\uncertainty_diversity\round1_0.020,active,round1_0.020,fixmatch,0.02,1,0.95,uncertainty_diversity,0.8954,0.8952107654973297,0.9166666666666666,0.8669791666666666,0.934963354559654,604.1586560000001
outputs\active\seed1\uncertainty_diversity\round2_0.030,active,round2_0.030,fixmatch,0.03,1,0.95,uncertainty_diversity,0.9056,0.9056131402620867,0.9166666666666666,0.8822083333333334,0.9439262267982809,597.6586406999998
outputs\active\seed2\entropy\round1_0.020,active,round1_0.020,fixmatch,0.02,2,0.95,entropy,0.8779,0.8808124769991605,0.8833333333333333,0.8337604166666667,0.9268499893804425,583.3125476
outputs\active\seed2\entropy\round2_0.030,active,round2_0.030,fixmatch,0.03,2,0.95,entropy,0.9,0.9009071020251247,0.8833333333333333,0.8689791666666666,0.9431924432403922,501.4758343000003
outputs\active\seed2\random\round1_0.020,active,round1_0.020,fixmatch,0.02,2,0.95,random,0.877,0.8753580939225991,0.9166666666666666,0.8739166666666667,0.9277438733670258,578.2449273000002
outputs\active\seed2\random\round2_0.030,active,round2_0.030,fixmatch,0.03,2,0.95,random,0.8931,0.892893690955141,0.9,0.87440625,0.9386011936671312,521.4559743
outputs\active\seed2\shared\round0_001pct,active,round0_001pct,fixmatch,0.01,2,0.95,none,0.8489,0.8471703015996536,0.8166666666666667,0.8411041666666667,0.9115002600748024,659.3087654999999
outputs\active\seed2\uncertainty_diversity\round1_0.020,active,round1_0.020,fixmatch,0.02,2,0.95,uncertainty_diversity,0.8944,0.89473339737663,0.9,0.8610625,0.9363794730347681,532.5307987999995
outputs\active\seed2\uncertainty_diversity\round2_0.030,active,round2_0.030,fixmatch,0.03,2,0.95,uncertainty_diversity,0.9037,0.9042549772204802,0.9,0.8761770833333333,0.9463578757148122,541.5023367999993
outputs\runs\fixmatch-001pct-seed0-tau0-4b1a7e8b,main,fixmatch-001pct-seed0-tau0-4b1a7e8b,fixmatch,0.01,0,0.0,none,0.8518,0.8512371526338935,0.85,1.0,0.8426979166666667,574.1473838999955
outputs\runs\fixmatch-001pct-seed0-tau0p8-4b1a7e8b,main,fixmatch-001pct-seed0-tau0p8-4b1a7e8b,fixmatch,0.01,0,0.8,none,0.8457,0.8436925624866044,0.85,0.9123958333333333,0.8761502454618108,595.3975059999939
outputs\runs\fixmatch-001pct-seed0-tau0p95-4b1a7e8b,main,fixmatch-001pct-seed0-tau0p95-4b1a7e8b,fixmatch,0.01,0,0.95,none,0.8585,0.8568614736046032,0.85,0.85325,0.9124304131262818,509.35427340000024
outputs\runs\fixmatch-001pct-seed1-tau0-a26e9195,main,fixmatch-001pct-seed1-tau0-a26e9195,fixmatch,0.01,1,0.0,none,0.8431,0.8417902055378086,0.9166666666666666,1.0,0.8408125,6.639999628532678e-05
outputs\runs\fixmatch-001pct-seed1-tau0p8-a26e9195,main,fixmatch-001pct-seed1-tau0p8-a26e9195,fixmatch,0.01,1,0.8,none,0.8477,0.8459081771207426,0.9166666666666666,0.9213645833333334,0.8791534295824807,618.0861010999943
outputs\runs\fixmatch-001pct-seed1-tau0p95-a26e9195,main,fixmatch-001pct-seed1-tau0p95-a26e9195,fixmatch,0.01,1,0.95,none,0.8594,0.8580960811124674,0.8833333333333333,0.86421875,0.9116253841981559,527.6533123000045
outputs\runs\fixmatch-001pct-seed2-tau0-3798df70,main,fixmatch-001pct-seed2-tau0-3798df70,fixmatch,0.01,2,0.0,none,0.8516,0.8496176531305087,0.8333333333333334,1.0,0.84609375,615.9035723000052
outputs\runs\fixmatch-001pct-seed2-tau0p8-3798df70,main,fixmatch-001pct-seed2-tau0p8-3798df70,fixmatch,0.01,2,0.8,none,0.8605,0.8590236472800973,0.85,0.9161979166666666,0.8916377693138536,610.1305716999923
outputs\runs\fixmatch-001pct-seed2-tau0p95-3798df70,main,fixmatch-001pct-seed2-tau0p95-3798df70,fixmatch,0.01,2,0.95,none,0.8489,0.8471703015996536,0.8166666666666667,0.8411041666666667,0.9115002600748024,542.1519179000024
outputs\runs\fixmatch-001pct-seed3-tau0p95-7ac8e8b6,main,fixmatch-001pct-seed3-tau0p95-7ac8e8b6,fixmatch,0.01,3,0.95,none,0.8274,0.828909006158332,0.75,0.8361666666666666,0.892278752242376,553.030076300005
outputs\runs\fixmatch-001pct-seed4-tau0p95-abdf299f,main,fixmatch-001pct-seed4-tau0p95-abdf299f,fixmatch,0.01,4,0.95,none,0.8756,0.8761448491523673,0.8833333333333333,0.8619166666666667,0.9220608140771537,543.4005497000035
outputs\runs\fixmatch-005pct-seed0-tau0p95-3aedb41b,main,fixmatch-005pct-seed0-tau0p95-3aedb41b,fixmatch,0.05,0,0.95,none,0.9035,0.903223691850467,0.89,0.8873125,0.9464910427085534,2475.492539699997
outputs\runs\fixmatch-005pct-seed1-tau0p95-8b168656,main,fixmatch-005pct-seed1-tau0p95-8b168656,fixmatch,0.05,1,0.95,none,0.9073,0.9076770858498842,0.9133333333333333,0.8856770833333333,0.9484034107615408,2496.4662801000013
outputs\runs\fixmatch-005pct-seed2-tau0p95-184e4463,main,fixmatch-005pct-seed2-tau0p95-184e4463,fixmatch,0.05,2,0.95,none,0.9034,0.9028504772512568,0.9,0.88025,0.9474699422512544,2485.134357899995
outputs\runs\fixmatch-005pct-seed3-tau0p95-dc7e3379,main,fixmatch-005pct-seed3-tau0p95-dc7e3379,fixmatch,0.05,3,0.95,none,0.9056,0.9055435630365805,0.93,0.8863854166666667,0.9465408435476479,322.77081019999605
outputs\runs\fixmatch-005pct-seed4-tau0p95-27086f08,main,fixmatch-005pct-seed4-tau0p95-27086f08,fixmatch,0.05,4,0.95,none,0.9029,0.9029190922805324,0.8833333333333333,0.88215625,0.9453398986857487,556.1780225999973
outputs\runs\fixmatch-010pct-seed0-tau0p95-1c922a62,main,fixmatch-010pct-seed0-tau0p95-1c922a62,fixmatch,0.1,0,0.95,none,0.915,0.9150230422038526,0.92,0.8823958333333334,0.9568764018415772,2446.2931364999968
outputs\runs\fixmatch-010pct-seed1-tau0p95-306f8dcf,main,fixmatch-010pct-seed1-tau0p95-306f8dcf,fixmatch,0.1,1,0.95,none,0.9153,0.9151216473825651,0.8983333333333333,0.8914791666666667,0.9577714940057489,2477.440311999999
outputs\runs\fixmatch-010pct-seed2-tau0p95-d972eaf0,main,fixmatch-010pct-seed2-tau0p95-d972eaf0,fixmatch,0.1,2,0.95,none,0.917,0.9167718370310209,0.9233333333333333,0.8828645833333333,0.9569228954044009,2482.9256305000017
outputs\runs\fixmatch-010pct-seed3-tau0p95-7a46c022,main,fixmatch-010pct-seed3-tau0p95-7a46c022,fixmatch,0.1,3,0.95,none,0.9183,0.9185725585509985,0.9116666666666666,0.89078125,0.9563585335905982,2476.0376608000006
outputs\runs\fixmatch-010pct-seed4-tau0p95-e9098838,main,fixmatch-010pct-seed4-tau0p95-e9098838,fixmatch,0.1,4,0.95,none,0.9166,0.9161655380246267,0.9,0.8912291666666666,0.957315505271278,2463.6964445999984
outputs\runs\pseudolabel-001pct-seed0-tau0p95-4b1a7e8b,main,pseudolabel-001pct-seed0-tau0p95-4b1a7e8b,pseudolabel,0.01,0,0.95,none,0.8362,0.8287133415138387,0.8333333333333334,0.9320520833333333,0.8681895906210535,1519.3769419000018
outputs\runs\pseudolabel-001pct-seed1-tau0p95-a26e9195,main,pseudolabel-001pct-seed1-tau0p95-a26e9195,pseudolabel,0.01,1,0.95,none,0.8323,0.826100929357319,0.8666666666666667,0.9322083333333333,0.8568251910785322,1524.910704599999
outputs\runs\pseudolabel-001pct-seed2-tau0p95-3798df70,main,pseudolabel-001pct-seed2-tau0p95-3798df70,pseudolabel,0.01,2,0.95,none,0.8367,0.8292333000290194,0.8166666666666667,0.9340729166666667,0.8642928036935018,1510.0417065999973
outputs\runs\pseudolabel-001pct-seed3-tau0p95-7ac8e8b6,main,pseudolabel-001pct-seed3-tau0p95-7ac8e8b6,pseudolabel,0.01,3,0.95,none,0.8256,0.8222632959945935,0.7833333333333333,0.92703125,0.8585313781673127,1518.4232957999993
outputs\runs\pseudolabel-001pct-seed4-tau0p95-abdf299f,main,pseudolabel-001pct-seed4-tau0p95-abdf299f,pseudolabel,0.01,4,0.95,none,0.8323,0.8294816758586521,0.7833333333333333,0.9298333333333333,0.8574229252554221,1514.5162544999985
outputs\runs\pseudolabel-005pct-seed0-tau0p95-3aedb41b,main,pseudolabel-005pct-seed0-tau0p95-3aedb41b,pseudolabel,0.05,0,0.95,none,0.8988,0.8978481812903206,0.89,0.92546875,0.929562721593787,1516.8010573000029
outputs\runs\pseudolabel-005pct-seed1-tau0p95-8b168656,main,pseudolabel-005pct-seed1-tau0p95-8b168656,pseudolabel,0.05,1,0.95,none,0.8969,0.895812705848388,0.92,0.9280104166666666,0.9305750429345935,1520.4539922000004
outputs\runs\pseudolabel-005pct-seed2-tau0p95-184e4463,main,pseudolabel-005pct-seed2-tau0p95-184e4463,pseudolabel,0.05,2,0.95,none,0.8964,0.8951601209644842,0.8833333333333333,0.9244895833333333,0.9326880823878041,1521.6898220000003
outputs\runs\pseudolabel-005pct-seed3-tau0p95-dc7e3379,main,pseudolabel-005pct-seed3-tau0p95-dc7e3379,pseudolabel,0.05,3,0.95,none,0.895,0.8944242803886944,0.9,0.9265,0.9294162619176111,1516.8418251000003
outputs\runs\pseudolabel-005pct-seed4-tau0p95-27086f08,main,pseudolabel-005pct-seed4-tau0p95-27086f08,pseudolabel,0.05,4,0.95,none,0.8927,0.8914026183440436,0.9066666666666666,0.9236041666666667,0.9269844134166423,1519.4564879000027
outputs\runs\pseudolabel-010pct-seed0-tau0p95-1c922a62,main,pseudolabel-010pct-seed0-tau0p95-1c922a62,pseudolabel,0.1,0,0.95,none,0.9114,0.9110306035115284,0.91,0.9157604166666666,0.9470044248290924,1521.4809292999998
outputs\runs\pseudolabel-010pct-seed1-tau0p95-306f8dcf,main,pseudolabel-010pct-seed1-tau0p95-306f8dcf,pseudolabel,0.1,1,0.95,none,0.9095,0.9090337275624781,0.8983333333333333,0.9242083333333333,0.9454037239078491,1510.6451008999993
outputs\runs\pseudolabel-010pct-seed2-tau0p95-d972eaf0,main,pseudolabel-010pct-seed2-tau0p95-d972eaf0,pseudolabel,0.1,2,0.95,none,0.9099,0.909071483484866,0.9166666666666666,0.9181041666666667,0.9480246885565817,1505.9085663999977
outputs\runs\pseudolabel-010pct-seed3-tau0p95-7a46c022,main,pseudolabel-010pct-seed3-tau0p95-7a46c022,pseudolabel,0.1,3,0.95,none,0.9117,0.911542329042498,0.915,0.9212916666666666,0.9460675681787346,1518.6887358999993
outputs\runs\pseudolabel-010pct-seed4-tau0p95-e9098838,main,pseudolabel-010pct-seed4-tau0p95-e9098838,pseudolabel,0.1,4,0.95,none,0.9125,0.9118006149747437,0.8983333333333333,0.9190104166666667,0.9447888920374043,1513.186421800001
outputs\runs\supervised-001pct-seed0-4b1a7e8b,main,supervised-001pct-seed0-4b1a7e8b,supervised,0.01,0,0.95,none,0.8219,0.8189352697405525,0.8333333333333334,0.0,0.0,283.80058180000015
outputs\runs\supervised-001pct-seed1-a26e9195,main,supervised-001pct-seed1-a26e9195,supervised,0.01,1,0.95,none,0.8318,0.8293077571813885,0.8666666666666667,0.0,0.0,285.74481360000027
outputs\runs\supervised-001pct-seed2-3798df70,main,supervised-001pct-seed2-3798df70,supervised,0.01,2,0.95,none,0.8301,0.8288534910378257,0.8833333333333333,0.0,0.0,286.37727110000014
outputs\runs\supervised-001pct-seed3-7ac8e8b6,main,supervised-001pct-seed3-7ac8e8b6,supervised,0.01,3,0.95,none,0.806,0.8053452919581687,0.7666666666666667,0.0,0.0,284.90355160000036
outputs\runs\supervised-001pct-seed4-abdf299f,main,supervised-001pct-seed4-abdf299f,supervised,0.01,4,0.95,none,0.8333,0.8328411561743356,0.8,0.0,0.0,285.16385170000103
outputs\runs\supervised-005pct-seed0-3aedb41b,main,supervised-005pct-seed0-3aedb41b,supervised,0.05,0,0.95,none,0.8869,0.8864735477884704,0.89,0.0,0.0,299.7760641999994
outputs\runs\supervised-005pct-seed1-8b168656,main,supervised-005pct-seed1-8b168656,supervised,0.05,1,0.95,none,0.8893,0.8888127981490748,0.9033333333333333,0.0,0.0,289.5552312
outputs\runs\supervised-005pct-seed2-184e4463,main,supervised-005pct-seed2-184e4463,supervised,0.05,2,0.95,none,0.8847,0.884049825503074,0.8966666666666666,0.0,0.0,285.9045972999993
outputs\runs\supervised-005pct-seed3-dc7e3379,main,supervised-005pct-seed3-dc7e3379,supervised,0.05,3,0.95,none,0.8875,0.8873099865976759,0.9,0.0,0.0,287.0583435999997
outputs\runs\supervised-005pct-seed4-27086f08,main,supervised-005pct-seed4-27086f08,supervised,0.05,4,0.95,none,0.8854,0.884760596546915,0.89,0.0,0.0,284.259150599999
outputs\runs\supervised-010pct-seed0-1c922a62,main,supervised-010pct-seed0-1c922a62,supervised,0.1,0,0.95,none,0.9006,0.9009535159427257,0.8966666666666666,0.0,0.0,308.3735731000015
outputs\runs\supervised-010pct-seed1-306f8dcf,main,supervised-010pct-seed1-306f8dcf,supervised,0.1,1,0.95,none,0.9036,0.9032117081493208,0.8766666666666667,0.0,0.0,333.1329242999982
outputs\runs\supervised-010pct-seed2-d972eaf0,main,supervised-010pct-seed2-d972eaf0,supervised,0.1,2,0.95,none,0.9033,0.9027597195204443,0.9083333333333333,0.0,0.0,328.1038824999996
outputs\runs\supervised-010pct-seed3-7a46c022,main,supervised-010pct-seed3-7a46c022,supervised,0.1,3,0.95,none,0.906,0.9058527034914935,0.895,0.0,0.0,305.1909035000008
outputs\runs\supervised-010pct-seed4-e9098838,main,supervised-010pct-seed4-e9098838,supervised,0.1,4,0.95,none,0.9041,0.9037194640910166,0.8916666666666667,0.0,0.0,300.9880613000005
outputs\runs\supervised-100pct-seed0-e6933e56,main,supervised-100pct-seed0-e6933e56,supervised,1.0,0,0.95,none,0.9387,0.938550380519402,0.9445,0.0,0.0,323.87921000000006
outputs\runs\supervised-100pct-seed1-9a3caa5b,main,supervised-100pct-seed1-9a3caa5b,supervised,1.0,1,0.95,none,0.9357,0.9355642466040045,0.943,0.0,0.0,349.7737996999995
outputs\runs\supervised-100pct-seed2-0ffe295c,main,supervised-100pct-seed2-0ffe295c,supervised,1.0,2,0.95,none,0.9364,0.9363320033458358,0.9443333333333334,0.0,0.0,330.64613629999985
outputs\runs\supervised-100pct-seed3-2c7ec90b,main,supervised-100pct-seed3-2c7ec90b,supervised,1.0,3,0.95,none,0.9375,0.9372631191661911,0.944,0.0,0.0,329.4225416999998
outputs\runs\supervised-100pct-seed4-e681a788,main,supervised-100pct-seed4-e681a788,supervised,1.0,4,0.95,none,0.9376,0.9373495698106667,0.9473333333333334,0.0,0.0,338.02802280000014
